id,first_name,last_name,email,gender,ip_address
1,Brinn,Fielden,bfielden0@cocolog-nifty.com,Female,96.93.47.250
2,Malvina,Brikner,mbrikner1@merriam-webster.com,Female,215.235.5.212
3,Prent,Elfleet,pelfleet2@twitpic.com,Male,65.157.242.178
4,Leena,Krol,lkrol3@ted.com,Female,205.8.123.14
5,Osmond,Gwillym,ogwillym4@bravesites.com,Male,31.123.171.168
6,Benton,Grimwade,bgrimwade5@wufoo.com,Male,128.73.38.190
7,Laureen,Ovid,lovid6@ed.gov,Female,125.11.1.128
8,Des,Munden,dmunden7@pcworld.com,Male,221.8.179.65
9,Rawley,Barles,rbarles8@eventbrite.com,Male,65.232.191.84
10,Madelyn,Downing,mdowning9@webnode.com,Female,134.153.159.131
11,Dory,Measom,dmeasoma@cyberchimps.com,Male,117.107.68.80
12,Bran,Paz,bpazb@cocolog-nifty.com,Male,190.147.129.192
13,Addie,Brownfield,abrownfieldc@dyndns.org,Male,104.162.255.181
14,Ira,Juett,ijuettd@posterous.com,Female,63.230.15.12
15,Massimo,Craufurd,mcraufurde@rambler.ru,Male,98.142.239.193
16,Base,Dreye,bdreyef@washingtonpost.com,Male,149.66.167.227
17,Cosette,Greenwell,cgreenwellg@bloomberg.com,Female,87.156.245.175
18,Catherina,Reye,creyeh@1688.com,Female,101.115.31.168
19,Rouvin,Kofax,rkofaxi@amazon.co.uk,Male,158.227.51.70
20,Lou,Carp,lcarpj@quantcast.com,Male,220.2.173.226
21,Siegfried,Christall,schristallk@ft.com,Male,190.150.157.89
22,Ardisj,Hornig,ahornigl@hhs.gov,Female,188.151.32.78
23,Candida,Whiteman,cwhitemanm@sourceforge.net,Female,163.51.190.94
24,Paulie,de Clerk,pdeclerkn@xing.com,Female,207.23.244.95
25,Selma,Walhedd,swalheddo@cornell.edu,Female,193.246.134.2
26,Normy,Dundridge,ndundridgep@hp.com,Male,9.183.46.162
27,Heda,Halleybone,hhalleyboneq@example.com,Female,8.233.133.193
28,Lewie,Tieraney,ltieraneyr@fc2.com,Male,237.62.247.50
29,Derick,Targetter,dtargetters@nymag.com,Male,41.121.17.131
30,Jone,Belz,jbelzt@comsenz.com,Male,228.180.231.243
31,Burl,Toothill,btoothillu@shareasale.com,Male,5.149.174.78
32,Bridgette,Offill,boffillv@yellowpages.com,Female,134.1.220.225
33,Carmella,Pattillo,cpattillow@youtu.be,Female,26.225.27.155
34,Filippo,Henkens,fhenkensx@tamu.edu,Male,107.210.97.239
35,Kittie,Menault,kmenaulty@icq.com,Female,237.138.203.24
36,Clemmy,Vidgeon,cvidgeonz@archive.org,Male,3.180.183.197
37,Crichton,McKevitt,cmckevitt10@springer.com,Male,214.242.96.186
38,Aland,Bunyard,abunyard11@tiny.cc,Male,241.35.66.247
39,Dill,Paumier,dpaumier12@nydailynews.com,Male,50.23.129.160
40,Matthew,Vinick,mvinick13@adobe.com,Male,61.138.222.248
41,Alexandra,Tellwright,atellwright14@arizona.edu,Female,228.173.81.124
42,Moshe,Coey,mcoey15@freewebs.com,Male,82.113.9.218
43,Ferrel,Patman,fpatman16@techcrunch.com,Male,106.98.98.5
44,Adler,Boyde,aboyde17@google.it,Male,2.191.247.195
45,Fan,Rooze,frooze18@wiley.com,Female,153.119.180.89
46,Erastus,Avraam,eavraam19@thetimes.co.uk,Male,237.139.118.216
47,Cecilius,Pindar,cpindar1a@pcworld.com,Male,114.49.185.70
48,Estele,Le Jean,elejean1b@is.gd,Female,210.232.30.244
49,Adelheid,Hennemann,ahennemann1c@oaic.gov.au,Female,106.149.231.236
50,Leonerd,Grimsdyke,lgrimsdyke1d@ebay.co.uk,Male,181.217.66.200
51,Dayna,Niccols,dniccols1e@360.cn,Female,101.137.66.30
52,Corny,Swanwick,cswanwick1f@buzzfeed.com,Male,190.29.172.191
53,Ferdinande,Hann,fhann1g@myspace.com,Female,126.143.214.26
54,Porty,Bowell,pbowell1h@cdbaby.com,Male,201.241.90.73
55,Turner,Raff,traff1i@51.la,Male,200.92.11.249
56,Alf,Coogan,acoogan1j@kickstarter.com,Male,18.182.252.91
57,Sandy,Dudney,sdudney1k@unicef.org,Female,134.31.201.105
58,Juana,Rown,jrown1l@photobucket.com,Female,77.241.255.170
59,Sibilla,Brightman,sbrightman1m@myspace.com,Female,24.189.165.121
60,Hobard,Klosges,hklosges1n@microsoft.com,Male,212.171.85.66
61,Omero,Kovelmann,okovelmann1o@t-online.de,Male,8.204.65.44
62,Shanan,Gianninotti,sgianninotti1p@imdb.com,Male,214.13.219.19
63,Marris,McTaggart,mmctaggart1q@bizjournals.com,Female,175.130.207.155
64,Oates,Boyde,oboyde1r@cbslocal.com,Male,97.78.132.222
65,Hermia,Karleman,hkarleman1s@latimes.com,Female,176.252.144.208
66,Gerrie,Thrower,gthrower1t@foxnews.com,Female,25.211.225.57
67,Orran,Danzelman,odanzelman1u@studiopress.com,Male,18.106.49.221
68,Myrvyn,Crocroft,mcrocroft1v@aboutads.info,Male,97.159.22.232
69,Sybilla,Ficken,sficken1w@weather.com,Female,60.194.211.145
70,Randolf,Dakhno,rdakhno1x@miitbeian.gov.cn,Male,87.88.186.25
71,Astra,Eglington,aeglington1y@canalblog.com,Female,59.164.164.251
72,Isabella,Weatherdon,iweatherdon1z@sciencedirect.com,Female,197.102.130.148
73,Kennedy,Stallard,kstallard20@sohu.com,Male,174.189.87.154
74,Sheeree,Gregson,sgregson21@histats.com,Female,130.125.146.97
75,Felike,Frenzel;,ffrenzel22@fastcompany.com,Male,86.21.55.170
76,Maddy,Ringer,mringer23@cornell.edu,Male,231.253.4.129
77,Chantalle,Studdeard,cstuddeard24@histats.com,Female,148.230.27.11
78,Dee,Thornhill,dthornhill25@twitpic.com,Female,106.140.74.88
79,Pren,Rarity,prarity26@nationalgeographic.com,Male,161.173.107.193
80,Derrik,Bantham,dbantham27@newsvine.com,Male,75.63.145.83
81,Avril,Spellard,aspellard28@spiegel.de,Female,74.5.157.154
82,Berthe,Degg,bdegg29@typepad.com,Female,193.84.49.227
83,Blayne,McDougle,bmcdougle2a@posterous.com,Male,97.27.79.236
84,Kristel,Adshede,kadshede2b@newsvine.com,Female,153.235.9.238
85,Hewe,Worstall,hworstall2c@imgur.com,Male,99.2.51.218
86,Babbie,Leadstone,bleadstone2d@unblog.fr,Female,211.228.237.86
87,Rufe,Fortescue,rfortescue2e@reddit.com,Male,216.171.215.152
88,Anselm,Braley,abraley2f@phpbb.com,Male,226.118.94.18
89,Benson,Botler,bbotler2g@reuters.com,Male,207.121.90.77
90,Irving,Sicha,isicha2h@ucoz.ru,Male,59.64.34.240
91,Richmound,Simioli,rsimioli2i@icio.us,Male,36.159.236.182
92,Christian,Simister,csimister2j@theatlantic.com,Female,217.207.132.210
93,Clemmie,Bordman,cbordman2k@ezinearticles.com,Male,77.159.164.174
94,Reinold,Gourdon,rgourdon2l@uiuc.edu,Male,235.249.243.255
95,Frasier,Cadlock,fcadlock2m@chronoengine.com,Male,12.80.90.21
96,Austen,Booth-Jarvis,aboothjarvis2n@whitehouse.gov,Male,148.171.230.219
97,Fraser,Leipold,fleipold2o@hibu.com,Male,129.159.175.164
98,Sada,Langmead,slangmead2p@phoca.cz,Female,189.71.33.163
99,Marigold,Olenin,molenin2q@discovery.com,Female,154.132.118.92
100,Gerardo,Allman,gallman2r@usnews.com,Male,157.75.58.24
101,Marie-ann,Zarb,mzarb2s@i2i.jp,Female,87.195.27.134
102,Cammi,McCay,cmccay2t@redcross.org,Female,214.45.120.246
103,Hephzibah,Vassman,hvassman2u@yahoo.com,Female,127.13.243.99
104,Wes,Steinham,wsteinham2v@walmart.com,Male,24.26.78.222
105,Theresina,Grimsey,tgrimsey2w@zimbio.com,Female,214.159.65.235
106,Judd,Barensen,jbarensen2x@arstechnica.com,Male,84.112.241.206
107,Gregorius,Vobes,gvobes2y@opera.com,Male,198.141.140.78
108,Herb,Spillane,hspillane2z@lycos.com,Male,254.101.147.26
109,Curtis,Fulun,cfulun30@whitehouse.gov,Male,5.37.70.56
110,Dru,FitzAlan,dfitzalan31@smugmug.com,Female,131.66.183.63
111,Sumner,Freiberg,sfreiberg32@java.com,Male,149.57.34.216
112,Shela,St Angel,sstangel33@jiathis.com,Female,149.107.13.144
113,Betsey,Newey,bnewey34@mozilla.com,Female,141.176.174.254
114,Danica,Guntrip,dguntrip35@usgs.gov,Female,236.243.117.2
115,Annabal,Huws,ahuws36@independent.co.uk,Female,119.244.124.215
116,Normy,Flewan,nflewan37@weebly.com,Male,53.125.99.112
117,Dmitri,Brasner,dbrasner38@live.com,Male,109.240.133.22
118,Ursola,Sambell,usambell39@usnews.com,Female,68.156.50.236
119,Dilan,Dane,ddane3a@china.com.cn,Male,254.142.170.90
120,Carry,Lipmann,clipmann3b@yahoo.co.jp,Female,66.172.146.153
121,Joelie,Bindon,jbindon3c@umich.edu,Female,107.166.118.127
122,Annemarie,Tolussi,atolussi3d@virginia.edu,Female,134.96.174.231
123,Teresina,Hallan,thallan3e@netvibes.com,Female,13.35.244.172
124,Kassia,Libby,klibby3f@bing.com,Female,195.78.124.5
125,Bernadette,McClarence,bmcclarence3g@kickstarter.com,Female,226.20.217.7
126,Claybourne,Lye,clye3h@cornell.edu,Male,130.123.58.40
127,Kimberly,Pettyfar,kpettyfar3i@constantcontact.com,Female,101.232.64.203
128,Anne-corinne,Illsley,aillsley3j@mit.edu,Female,91.188.25.0
129,Ros,Nevinson,rnevinson3k@wiley.com,Female,120.202.95.25
130,Mohandis,Stokell,mstokell3l@vistaprint.com,Male,172.117.244.189
131,Oralia,Cochet,ocochet3m@dailymail.co.uk,Female,23.98.2.144
132,Yulma,Langstrath,ylangstrath3n@reddit.com,Male,72.169.27.121
133,Ervin,Josse,ejosse3o@washingtonpost.com,Male,73.37.108.14
134,Douglass,Oakden,doakden3p@delicious.com,Male,191.137.218.236
135,Anthony,Sirkett,asirkett3q@xing.com,Male,67.67.76.64
136,Ewart,Yuille,eyuille3r@stanford.edu,Male,131.95.213.8
137,Thatcher,Mynard,tmynard3s@trellian.com,Male,178.81.252.172
138,Vale,Penwell,vpenwell3t@globo.com,Female,197.147.196.202
139,Liza,Emanuele,lemanuele3u@dagondesign.com,Female,123.32.204.97
140,Clemens,Sirkett,csirkett3v@godaddy.com,Male,29.140.176.147
141,Adda,Greenhalf,agreenhalf3w@sfgate.com,Female,67.125.183.129
142,Melisa,Pearmine,mpearmine3x@live.com,Female,70.179.43.129
143,Margarethe,Snoxell,msnoxell3y@so-net.ne.jp,Female,202.119.187.27
144,Alessandro,Welton,awelton3z@wordpress.com,Male,55.243.49.199
145,Sella,Brimham,sbrimham40@blogger.com,Female,187.221.193.165
146,Mikey,Pattingson,mpattingson41@1688.com,Male,72.168.76.239
147,Gerry,Wrigglesworth,gwrigglesworth42@facebook.com,Male,148.16.149.219
148,Gretna,Christie,gchristie43@ocn.ne.jp,Female,143.145.16.53
149,Myrilla,Thiem,mthiem44@phoca.cz,Female,39.157.54.112
150,Alwin,Ludvigsen,aludvigsen45@so-net.ne.jp,Male,249.95.25.170
151,Hinda,Boldecke,hboldecke46@shutterfly.com,Female,76.167.182.59
152,Ruthie,Birtonshaw,rbirtonshaw47@webnode.com,Female,188.113.67.12
153,Rayshell,Goodey,rgoodey48@artisteer.com,Female,169.123.47.130
154,Davin,Reavey,dreavey49@tripadvisor.com,Male,187.60.84.226
155,Annalee,Parsisson,aparsisson4a@ifeng.com,Female,31.138.125.92
156,Quentin,Dallas,qdallas4b@quantcast.com,Male,74.230.99.85
157,Gerri,Drysdell,gdrysdell4c@cloudflare.com,Male,172.46.161.34
158,Jessalin,McCotter,jmccotter4d@go.com,Female,120.229.185.234
159,Tobit,Tomsu,ttomsu4e@slideshare.net,Male,32.130.106.18
160,Alyosha,Catton,acatton4f@mediafire.com,Male,47.177.69.108
161,Carlina,Hanhardt,chanhardt4g@geocities.jp,Female,120.36.161.13
162,Demetrius,Paddie,dpaddie4h@cpanel.net,Male,214.128.158.174
163,Madalyn,Cecil,mcecil4i@wordpress.org,Female,56.129.167.17
164,Hamnet,Fifoot,hfifoot4j@pbs.org,Male,15.235.205.209
165,Yoshi,De Simoni,ydesimoni4k@creativecommons.org,Female,140.27.253.233
166,Jannel,Rosewell,jrosewell4l@51.la,Female,137.9.170.250
167,Yard,Warre,ywarre4m@scientificamerican.com,Male,188.197.79.233
168,Devi,Chewter,dchewter4n@wikispaces.com,Female,162.168.6.52
169,Sabina,Mollison,smollison4o@java.com,Female,17.226.218.54
170,Florentia,Gravener,fgravener4p@infoseek.co.jp,Female,174.0.202.109
171,Eduard,Veronique,everonique4q@constantcontact.com,Male,197.227.61.106
172,Arin,Gherardesci,agherardesci4r@eventbrite.com,Male,94.176.53.231
173,Tadeo,Pullinger,tpullinger4s@example.com,Male,93.167.233.216
174,Sully,Walne,swalne4t@cnn.com,Male,42.233.68.248
175,Jereme,Jeanes,jjeanes4u@mediafire.com,Male,178.76.12.210
176,Silvan,Paoli,spaoli4v@printfriendly.com,Male,194.38.82.235
177,Katleen,McCamish,kmccamish4w@netlog.com,Female,147.66.92.241
178,Cchaddie,Harrill,charrill4x@princeton.edu,Male,192.6.200.222
179,Don,McDonell,dmcdonell4y@studiopress.com,Male,239.192.114.217
180,Crin,Zecchinelli,czecchinelli4z@hc360.com,Female,68.89.24.51
181,Inger,Naerup,inaerup50@plala.or.jp,Male,23.176.56.251
182,Phillida,Kirckman,pkirckman51@ibm.com,Female,193.241.105.196
183,Laureen,Mole,lmole52@examiner.com,Female,118.106.213.129
184,Garrek,Casserley,gcasserley53@ebay.co.uk,Male,171.183.250.117
185,Kathye,Purkins,kpurkins54@dedecms.com,Female,188.206.248.218
186,Hestia,Newvell,hnewvell55@angelfire.com,Female,245.182.41.10
187,Kalindi,Uttridge,kuttridge56@newsvine.com,Female,37.216.53.221
188,Ferdy,Railton,frailton57@com.com,Male,216.203.103.93
189,Quinton,Bellanger,qbellanger58@abc.net.au,Male,138.255.226.153
190,Consolata,Hexter,chexter59@patch.com,Female,133.20.248.134
191,Mala,Tybalt,mtybalt5a@gnu.org,Female,191.92.51.225
192,Jeddy,Glendzer,jglendzer5b@ucoz.com,Male,54.115.201.47
193,Burch,Wittke,bwittke5c@storify.com,Male,211.39.91.185
194,Saul,Harrild,sharrild5d@admin.ch,Male,236.101.246.80
195,Ailyn,Bolwell,abolwell5e@cornell.edu,Female,69.4.175.148
196,Willey,Manilo,wmanilo5f@dmoz.org,Male,123.44.91.229
197,Gilly,Tinline,gtinline5g@lycos.com,Female,8.202.8.63
198,Joanne,Loads,jloads5h@yellowbook.com,Female,69.167.26.162
199,Mallory,Curnick,mcurnick5i@mit.edu,Female,128.215.71.58
200,Barn,Wrettum,bwrettum5j@reddit.com,Male,11.254.78.82
201,Fred,Pickton,fpickton5k@simplemachines.org,Male,95.240.238.206
202,Vick,Brierton,vbrierton5l@gnu.org,Male,225.37.53.144
203,Kerwinn,Babbe,kbabbe5m@marketwatch.com,Male,97.210.254.123
204,Aubry,Diboll,adiboll5n@tripadvisor.com,Female,252.81.243.37
205,Maye,Gajewski,mgajewski5o@hao123.com,Female,42.180.56.224
206,Paten,Agent,pagent5p@apache.org,Male,6.204.11.75
207,Elfrieda,Ida,eida5q@mozilla.org,Female,65.175.248.76
208,Normand,Gaitone,ngaitone5r@networksolutions.com,Male,39.10.84.172
209,Grace,Fardy,gfardy5s@linkedin.com,Male,52.86.176.0
210,Lezley,Whetnell,lwhetnell5t@sogou.com,Male,13.240.130.80
211,Austin,Cartan,acartan5u@usgs.gov,Male,146.124.249.110
212,Ilsa,Streeter,istreeter5v@livejournal.com,Female,195.250.0.222
213,Camile,Kmiec,ckmiec5w@unesco.org,Female,41.242.218.169
214,Idelle,Mauger,imauger5x@mayoclinic.com,Female,170.105.252.168
215,Irwin,Hallawell,ihallawell5y@soundcloud.com,Male,50.169.113.101
216,Gibb,Sawart,gsawart5z@princeton.edu,Male,56.108.146.128
217,Florella,Ashbe,fashbe60@woothemes.com,Female,180.236.76.176
218,Ray,Boni,rboni61@latimes.com,Male,139.43.97.138
219,Cullan,McVanamy,cmcvanamy62@themeforest.net,Male,134.168.231.242
220,Panchito,Lyston,plyston63@google.com.au,Male,123.169.207.111
221,Ellary,D'Acth,edacth64@biblegateway.com,Male,128.202.37.32
222,Ian,Morrott,imorrott65@wired.com,Male,132.139.26.22
223,Dasha,Olech,dolech66@sakura.ne.jp,Female,217.44.107.48
224,Mignon,Kaas,mkaas67@newyorker.com,Female,91.196.234.199
225,Paquito,Umbers,pumbers68@twitpic.com,Male,176.116.54.35
226,Joly,Fountain,jfountain69@spiegel.de,Female,192.83.164.226
227,Kliment,Boncore,kboncore6a@myspace.com,Male,98.104.99.130
228,Bealle,Brookwell,bbrookwell6b@earthlink.net,Male,235.139.78.134
229,Zaneta,Pendlebury,zpendlebury6c@ibm.com,Female,24.7.65.35
230,Tiphanie,Goodfellowe,tgoodfellowe6d@ameblo.jp,Female,11.178.196.196
231,Gradeigh,Reignould,greignould6e@earthlink.net,Male,190.140.220.163
232,Mona,Tardiff,mtardiff6f@vinaora.com,Female,64.102.182.37
233,Luther,Limpertz,llimpertz6g@ox.ac.uk,Male,195.102.248.74
234,Kaleena,Serjeant,kserjeant6h@51.la,Female,124.213.213.220
235,Drucie,Stephens,dstephens6i@google.com.br,Female,123.81.213.147
236,Raphael,MacClure,rmacclure6j@engadget.com,Male,222.139.217.167
237,Ronny,Leadbeatter,rleadbeatter6k@surveymonkey.com,Female,175.60.250.224
238,Nonna,Moohan,nmoohan6l@over-blog.com,Female,50.91.67.234
239,Niko,Varah,nvarah6m@domainmarket.com,Male,95.26.107.72
240,Lonnie,Biddle,lbiddle6n@businessweek.com,Female,151.119.222.240
241,Ruby,Blanko,rblanko6o@tmall.com,Female,140.145.205.247
242,Kain,Cufflin,kcufflin6p@fc2.com,Male,139.135.16.236
243,Joya,Stathers,jstathers6q@360.cn,Female,91.158.42.241
244,Mitchell,Mattiussi,mmattiussi6r@dmoz.org,Male,127.130.180.175
245,Mariel,Gossington,mgossington6s@tuttocitta.it,Female,212.88.70.160
246,Gray,Ashpital,gashpital6t@disqus.com,Female,86.233.69.106
247,Mureil,Bruntje,mbruntje6u@topsy.com,Female,94.210.201.87
248,Melanie,Steutly,msteutly6v@google.co.jp,Female,131.250.215.194
249,Jonell,Bools,jbools6w@java.com,Female,144.129.135.131
250,Wildon,Paulon,wpaulon6x@xrea.com,Male,159.56.181.217
251,Cordie,McFall,cmcfall6y@sourceforge.net,Male,80.144.7.36
252,Emelia,Holdworth,eholdworth6z@storify.com,Female,103.8.135.112
253,Leandra,Delacourt,ldelacourt70@mlb.com,Female,254.27.70.250
254,Laney,Franey,lfraney71@salon.com,Male,35.27.96.201
255,Bronnie,Zarfat,bzarfat72@sciencedaily.com,Male,75.95.181.144
256,Melody,Bleacher,mbleacher73@timesonline.co.uk,Female,38.213.110.196
257,Sara-ann,Andrus,sandrus74@themeforest.net,Female,212.93.214.48
258,Tarah,Tytcomb,ttytcomb75@sohu.com,Female,222.92.211.129
259,Mei,Strathearn,mstrathearn76@usgs.gov,Female,124.173.234.192
260,Donavon,Wrightim,dwrightim77@wufoo.com,Male,113.138.160.62
261,Ephraim,Tuttle,etuttle78@ed.gov,Male,53.119.58.75
262,Berke,Barber,bbarber79@wordpress.com,Male,230.94.214.155
263,Tiphanie,Yakunkin,tyakunkin7a@ow.ly,Female,114.248.210.215
264,Iorgo,Penhalewick,ipenhalewick7b@clickbank.net,Male,18.154.219.131
265,Ali,Bearward,abearward7c@blogger.com,Male,75.58.173.201
266,Simmonds,Purvess,spurvess7d@cisco.com,Male,144.31.41.192
267,Malynda,Scay,mscay7e@prlog.org,Female,41.172.187.50
268,Adriaens,Jesty,ajesty7f@bigcartel.com,Female,218.26.18.155
269,Audry,Feare,afeare7g@posterous.com,Female,242.60.147.138
270,Rolfe,Arndtsen,rarndtsen7h@europa.eu,Male,72.63.143.97
271,Leonie,Dunguy,ldunguy7i@drupal.org,Female,169.81.206.194
272,Berkly,Collecott,bcollecott7j@plala.or.jp,Male,212.220.19.206
273,Rosemaria,Richemond,rrichemond7k@tripod.com,Female,212.33.63.14
274,Corney,Braysher,cbraysher7l@people.com.cn,Male,121.32.57.62
275,Rania,Ransome,rransome7m@eepurl.com,Female,69.189.171.45
276,Ansell,Barcroft,abarcroft7n@about.com,Male,57.175.95.76
277,Cathe,McGonnell,cmcgonnell7o@wikia.com,Female,223.4.246.73
278,Mireille,Denys,mdenys7p@hp.com,Female,30.178.247.102
279,Anica,Tinklin,atinklin7q@independent.co.uk,Female,181.10.174.31
280,Garreth,O'Brien,gobrien7r@vinaora.com,Male,154.103.53.208
281,Neill,Sprowle,nsprowle7s@answers.com,Male,106.13.155.49
282,Theodosia,Posse,tposse7t@feedburner.com,Female,8.7.95.143
283,Colan,Peidro,cpeidro7u@furl.net,Male,199.202.20.193
284,Madel,Costi,mcosti7v@sciencedirect.com,Female,58.245.169.122
285,Rici,Skipworth,rskipworth7w@shareasale.com,Female,132.217.108.96
286,Nevin,Harrower,nharrower7x@liveinternet.ru,Male,65.236.245.61
287,Briant,Laxe,blaxe7y@ihg.com,Male,177.237.61.106
288,Raina,Hazelden,rhazelden7z@blogtalkradio.com,Female,64.19.12.68
289,Dede,Gayter,dgayter80@digg.com,Female,96.201.78.167
290,Heidie,Slimmon,hslimmon81@creativecommons.org,Female,194.54.160.40
291,Chuck,Beneteau,cbeneteau82@umich.edu,Male,174.111.1.171
292,Kendell,Castles,kcastles83@japanpost.jp,Male,213.76.221.100
293,Olivette,Oattes,ooattes84@google.co.uk,Female,6.85.21.255
294,Charlie,Standish-Brooks,cstandishbrooks85@shareasale.com,Male,209.100.123.197
295,Shelby,Darwin,sdarwin86@virginia.edu,Female,64.242.193.13
296,Danica,Churchlow,dchurchlow87@bloomberg.com,Female,234.127.20.234
297,Harley,Rustedge,hrustedge88@blogger.com,Male,129.131.226.91
298,Elisabeth,Driver,edriver89@flickr.com,Female,204.217.138.248
299,Lockwood,Knapman,lknapman8a@vistaprint.com,Male,102.28.72.31
300,Ealasaid,Warbeys,ewarbeys8b@cdbaby.com,Female,92.186.38.53
301,Abe,Sulland,asulland8c@parallels.com,Male,181.11.63.1
302,Alfie,Syres,asyres8d@php.net,Female,242.49.81.89
303,Chance,Biner,cbiner8e@artisteer.com,Male,91.118.187.154
304,Evania,Twiddy,etwiddy8f@weebly.com,Female,6.25.192.245
305,Darline,Lambie,dlambie8g@cnbc.com,Female,100.70.115.202
306,Holden,Cotterell,hcotterell8h@amazon.com,Male,125.19.90.7
307,Ariana,Costar,acostar8i@nhs.uk,Female,25.186.203.3
308,Sarge,Crofts,scrofts8j@cisco.com,Male,90.68.232.201
309,Bibbie,Dumbellow,bdumbellow8k@vinaora.com,Female,205.231.54.54
310,Tybalt,Laudham,tlaudham8l@infoseek.co.jp,Male,191.35.14.20
311,Orran,Tommen,otommen8m@mtv.com,Male,55.246.151.196
312,Ellerey,Durham,edurham8n@myspace.com,Male,37.159.81.139
313,Cloris,Simionescu,csimionescu8o@bbb.org,Female,159.255.47.113
314,Yuri,Tremmel,ytremmel8p@google.cn,Male,153.130.5.155
315,Fields,O'Doogan,fodoogan8q@twitpic.com,Male,53.206.36.23
316,Nico,Woltering,nwoltering8r@sbwire.com,Male,84.255.226.167
317,Ferrel,Cornish,fcornish8s@ifeng.com,Male,219.201.34.183
318,Eveline,Martinot,emartinot8t@boston.com,Female,200.129.231.82
319,Rora,Tafani,rtafani8u@google.nl,Female,128.72.201.5
320,Mahalia,Povall,mpovall8v@cmu.edu,Female,50.155.76.234
321,Rudiger,Goulter,rgoulter8w@ovh.net,Male,197.160.176.96
322,Marchall,Feighney,mfeighney8x@hc360.com,Male,239.24.150.57
323,Vernice,de Najera,vdenajera8y@deliciousdays.com,Female,74.30.165.85
324,Mano,Fernanando,mfernanando8z@example.com,Male,219.131.112.80
325,Vernon,Stanbrooke,vstanbrooke90@meetup.com,Male,52.38.42.215
326,Iggy,Preddy,ipreddy91@google.de,Male,222.114.241.223
327,Bentley,Kielty,bkielty92@addthis.com,Male,235.187.102.87
328,Dominica,Durgan,ddurgan93@ustream.tv,Female,180.155.245.10
329,Tilda,Midlar,tmidlar94@sitemeter.com,Female,104.207.177.94
330,Yehudit,Chappelow,ychappelow95@senate.gov,Male,19.194.54.170
331,Wilmar,Ruggs,wruggs96@dmoz.org,Male,147.252.67.115
332,Ignace,Oldmeadow,ioldmeadow97@ft.com,Male,151.211.91.240
333,Bart,Cleife,bcleife98@washington.edu,Male,167.158.53.206
334,Clive,Manders,cmanders99@about.me,Male,94.73.131.122
335,Taddeusz,Bellows,tbellows9a@nymag.com,Male,2.232.1.219
336,Kit,Stilwell,kstilwell9b@goo.gl,Male,63.135.198.226
337,Christabella,Mewe,cmewe9c@over-blog.com,Female,146.7.180.229
338,Ernesto,Doale,edoale9d@usnews.com,Male,30.161.188.31
339,Teresita,Leftwich,tleftwich9e@nyu.edu,Female,93.117.195.235
340,Kim,St Clair,kstclair9f@hud.gov,Male,61.65.60.147
341,Tanya,Robart,trobart9g@chronoengine.com,Female,52.24.154.244
342,Saba,Storry,sstorry9h@nymag.com,Female,169.175.84.106
343,Patrizio,Agates,pagates9i@gov.uk,Male,109.63.180.184
344,Glenn,Birchner,gbirchner9j@hugedomains.com,Male,18.58.165.237
345,Dominick,Cockren,dcockren9k@last.fm,Male,138.200.208.89
346,Odie,Stedell,ostedell9l@forbes.com,Male,67.115.113.240
347,Pru,Redfield,predfield9m@accuweather.com,Female,83.218.118.62
348,Danette,Couvet,dcouvet9n@meetup.com,Female,103.115.231.174
349,Deane,Worviell,dworviell9o@bizjournals.com,Female,122.160.101.4
350,Nappy,MacKissack,nmackissack9p@weather.com,Male,179.190.246.92
351,Eric,Blackborough,eblackborough9q@reddit.com,Male,242.155.84.79
352,Neron,Woolston,nwoolston9r@squidoo.com,Male,231.12.148.189
353,Livvyy,MacTavish,lmactavish9s@home.pl,Female,196.39.113.114
354,Griffith,Esplin,gesplin9t@vinaora.com,Male,96.219.75.207
355,Carlene,Grumell,cgrumell9u@digg.com,Female,191.55.67.111
356,Weidar,Showalter,wshowalter9v@reddit.com,Male,202.35.101.216
357,Cassondra,Cundy,ccundy9w@desdev.cn,Female,217.97.54.250
358,Laurette,Fanthome,lfanthome9x@merriam-webster.com,Female,52.221.119.198
359,Marika,Taffley,mtaffley9y@cbc.ca,Female,70.19.196.52
360,Lanny,Van Giffen,lvangiffen9z@jugem.jp,Male,35.147.144.113
361,Joleen,Cumberpatch,jcumberpatcha0@ning.com,Female,160.120.119.151
362,Trip,DelaField,tdelafielda1@gizmodo.com,Male,219.223.151.85
363,Benedetta,McGann,bmcganna2@sourceforge.net,Female,136.144.251.160
364,Christoper,Note,cnotea3@technorati.com,Male,156.76.65.12
365,Griffith,Littleton,glittletona4@dailymotion.com,Male,98.11.10.42
366,Rollin,Hasley,rhasleya5@ucsd.edu,Male,21.52.86.201
367,Carolynn,Culleton,cculletona6@ow.ly,Female,61.46.120.237
368,Vanna,Rimmer,vrimmera7@nationalgeographic.com,Female,34.217.245.45
369,Raffaello,Corry,rcorrya8@flavors.me,Male,143.102.132.199
370,Derwin,Matson,dmatsona9@hubpages.com,Male,107.204.222.61
371,Dorri,Bawle,dbawleaa@bbc.co.uk,Female,31.183.231.154
372,Lynn,Guildford,lguildfordab@archive.org,Male,197.133.232.227
373,Obediah,Simmank,osimmankac@booking.com,Male,100.155.65.175
374,Albert,Donizeau,adonizeauad@washington.edu,Male,196.149.0.67
375,Joyan,Formie,jformieae@1und1.de,Female,164.35.36.57
376,Tamiko,Sodor,tsodoraf@istockphoto.com,Female,69.73.91.14
377,Lucienne,Kerslake,lkerslakeag@gravatar.com,Female,135.173.115.64
378,Dalila,Oddboy,doddboyah@cornell.edu,Female,78.138.212.197
379,Tarah,Baigrie,tbaigrieai@eventbrite.com,Female,150.151.216.7
380,Eddy,Brimfield,ebrimfieldaj@techcrunch.com,Male,111.75.164.224
381,Berk,Dibble,bdibbleak@smh.com.au,Male,79.40.95.39
382,Freddi,O'Spillane,fospillaneal@yellowbook.com,Female,100.99.31.103
383,Gordon,Mayhead,gmayheadam@cyberchimps.com,Male,34.168.12.6
384,Nestor,Scrivner,nscrivneran@odnoklassniki.ru,Male,30.196.23.211
385,Ingar,Koene,ikoeneao@blogtalkradio.com,Male,241.111.154.16
386,Shana,Uzielli,suzielliap@skype.com,Female,86.235.255.185
387,Rog,Butterley,rbutterleyaq@pcworld.com,Male,92.122.230.58
388,Trenton,Tall,ttallar@bigcartel.com,Male,61.12.53.116
389,Ashlee,Jeffryes,ajeffryesas@amazon.co.uk,Female,171.158.37.250
390,Rube,Swanston,rswanstonat@tuttocitta.it,Male,50.39.169.3
391,Herman,Burgisi,hburgisiau@ucoz.com,Male,44.26.147.100
392,Cate,Colbrun,ccolbrunav@jiathis.com,Female,111.183.225.153
393,Zane,Worley,zworleyaw@pcworld.com,Male,121.74.77.52
394,Pamela,Ecclestone,pecclestoneax@washington.edu,Female,51.24.88.245
395,Elnar,O' Dornan,eodornanay@timesonline.co.uk,Male,206.95.236.231
396,Skell,Britt,sbrittaz@pinterest.com,Male,195.171.90.117
397,Angy,O'Rafferty,aoraffertyb0@usda.gov,Female,150.230.134.246
398,Gerti,Dowey,gdoweyb1@51.la,Female,82.204.176.132
399,Mace,Glendzer,mglendzerb2@nationalgeographic.com,Male,67.70.124.38
400,Charlie,Ulyat,culyatb3@nba.com,Male,176.181.89.182
401,Jarad,Tunnacliffe,jtunnacliffeb4@youku.com,Male,175.15.171.230
402,Arliene,Garcia,agarciab5@alibaba.com,Female,81.60.123.223
403,Ara,MacCoughen,amaccoughenb6@ehow.com,Female,60.69.141.78
404,Garvy,Player,gplayerb7@cisco.com,Male,114.201.105.128
405,Thadeus,De Ferrari,tdeferrarib8@washington.edu,Male,160.41.172.164
406,Bendite,Forster,bforsterb9@sun.com,Female,53.88.201.182
407,Milly,Obell,mobellba@mlb.com,Female,183.225.128.110
408,Averil,Czajkowski,aczajkowskibb@columbia.edu,Female,53.213.124.34
409,Phil,Ridde,priddebc@homestead.com,Female,191.210.231.162
410,Annabel,Patroni,apatronibd@microsoft.com,Female,135.243.20.144
411,Isa,Haselup,ihaselupbe@scientificamerican.com,Male,158.247.1.199
412,Amitie,Matthias,amatthiasbf@symantec.com,Female,173.212.69.53
413,Trudie,Rex,trexbg@archive.org,Female,214.41.235.245
414,Saul,Garstan,sgarstanbh@umich.edu,Male,14.3.100.56
415,Brucie,Danielian,bdanielianbi@hhs.gov,Male,161.209.38.219
416,Esma,Ghelarducci,eghelarduccibj@weather.com,Female,219.240.254.41
417,Lilas,McCarron,lmccarronbk@histats.com,Female,231.168.145.97
418,Carmelita,Jacobsz,cjacobszbl@mac.com,Female,192.205.169.178
419,Aldous,Nutbean,anutbeanbm@wsj.com,Male,20.101.210.119
420,Audi,Aleshintsev,aaleshintsevbn@hibu.com,Female,119.163.34.39
421,Sebastiano,Edmons,sedmonsbo@zimbio.com,Male,168.78.174.235
422,Lily,Wybrow,lwybrowbp@ucla.edu,Female,108.210.181.13
423,Baron,Olcot,bolcotbq@dailymail.co.uk,Male,182.164.68.100
424,Randal,Beretta,rberettabr@newyorker.com,Male,41.108.241.194
425,Vicky,Bradbrook,vbradbrookbs@prnewswire.com,Female,142.218.74.2
426,Amerigo,Styan,astyanbt@cam.ac.uk,Male,102.253.214.215
427,Edgard,Bicker,ebickerbu@youtube.com,Male,103.28.8.22
428,Byrom,Clearley,bclearleybv@joomla.org,Male,235.243.229.123
429,Biddie,Gon,bgonbw@hc360.com,Female,226.3.243.51
430,Tammy,Daffern,tdaffernbx@usnews.com,Male,81.21.147.118
431,Emmery,Garvey,egarveyby@hatena.ne.jp,Male,164.172.163.51
432,Garvy,Borkett,gborkettbz@wix.com,Male,89.194.253.82
433,Mead,Millership,mmillershipc0@pbs.org,Male,92.34.198.19
434,Jozef,Gallahue,jgallahuec1@state.gov,Male,210.114.76.97
435,Carla,Echallier,cechallierc2@engadget.com,Female,151.32.87.48
436,Meggi,Silcox,msilcoxc3@vistaprint.com,Female,169.100.235.147
437,Nerty,Hampe,nhampec4@edublogs.org,Female,62.211.95.163
438,Phedra,De la croix,pdelacroixc5@cocolog-nifty.com,Female,186.224.27.102
439,Brockie,Keepence,bkeepencec6@ucoz.ru,Male,77.218.69.129
440,Kimbell,Jina,kjinac7@cafepress.com,Male,147.75.251.155
441,Kenyon,Biscomb,kbiscombc8@oracle.com,Male,232.245.115.174
442,Sherwin,Dible,sdiblec9@acquirethisname.com,Male,54.122.31.193
443,Leonard,Shera,lsheraca@surveymonkey.com,Male,115.158.77.130
444,Rosemarie,Tebald,rtebaldcb@illinois.edu,Female,110.80.113.228
445,Edita,Peacham,epeachamcc@technorati.com,Female,180.169.124.116
446,Way,Aizikovitz,waizikovitzcd@github.io,Male,109.216.22.22
447,Shara,Quincey,squinceyce@prweb.com,Female,154.160.184.162
448,Lyndsey,Probate,lprobatecf@nba.com,Female,115.67.96.116
449,Moses,Tosh,mtoshcg@gmpg.org,Male,31.240.172.98
450,Gusta,Aggas,gaggasch@chicagotribune.com,Female,248.68.134.88
451,Seymour,Flahive,sflahiveci@gnu.org,Male,28.220.159.18
452,Oralee,Cumes,ocumescj@flavors.me,Female,32.184.49.11
453,Nolie,Hyland,nhylandck@dagondesign.com,Female,163.190.225.93
454,Lev,Vallance,lvallancecl@army.mil,Male,138.7.248.107
455,Larisa,Searsby,lsearsbycm@nasa.gov,Female,55.181.0.78
456,Wyn,Caghan,wcaghancn@linkedin.com,Male,28.194.126.246
457,Natasha,Keinrat,nkeinratco@vimeo.com,Female,237.86.186.69
458,Lothaire,McPhail,lmcphailcp@fema.gov,Male,7.48.193.226
459,Burgess,Hadden,bhaddencq@ustream.tv,Male,56.159.106.150
460,Adorne,Glasser,aglassercr@engadget.com,Female,86.31.244.150
461,Luise,Breewood,lbreewoodcs@flavors.me,Female,156.148.6.210
462,Jorge,Tolcher,jtolcherct@ustream.tv,Male,80.203.63.27
463,Flem,Goodings,fgoodingscu@dyndns.org,Male,0.131.244.147
464,Sula,Powley,spowleycv@ustream.tv,Female,73.204.169.162
465,Katey,Woodward,kwoodwardcw@booking.com,Female,118.24.60.125
466,Claudio,Benkhe,cbenkhecx@nps.gov,Male,17.173.148.213
467,Debora,Pinilla,dpinillacy@weibo.com,Female,192.216.183.86
468,Adrea,Carah,acarahcz@wiley.com,Female,169.100.53.203
469,Branden,Godfrey,bgodfreyd0@paginegialle.it,Male,40.160.5.243
470,Mireielle,Kissick,mkissickd1@mozilla.org,Female,5.198.229.47
471,Devinne,Crawley,dcrawleyd2@amazon.com,Female,179.137.254.94
472,Kara,Cornew,kcornewd3@biglobe.ne.jp,Female,191.254.208.239
473,Shirl,Bellee,sbelleed4@livejournal.com,Female,174.68.102.200
474,Tannie,Lissimore,tlissimored5@merriam-webster.com,Male,234.59.179.86
475,Wallace,Birtonshaw,wbirtonshawd6@weibo.com,Male,143.58.54.225
476,Dorine,McFarlan,dmcfarland7@nhs.uk,Female,87.91.173.16
477,Leslie,Grabert,lgrabertd8@shareasale.com,Male,119.89.42.119
478,Gwendolyn,Reape,greaped9@sun.com,Female,4.162.153.18
479,Bev,Minerdo,bminerdoda@nba.com,Male,223.152.251.231
480,Yehudi,Klamp,yklampdb@soup.io,Male,221.143.35.25
481,Matthiew,Faulder,mfaulderdc@nih.gov,Male,240.188.62.59
482,Kacie,Wilbore,kwilboredd@nydailynews.com,Female,248.243.214.172
483,Paddy,Born,pbornde@techcrunch.com,Male,67.197.242.41
484,Adora,Haestier,ahaestierdf@patch.com,Female,145.19.233.166
485,Dorolice,Lidgate,dlidgatedg@so-net.ne.jp,Female,108.129.154.110
486,Marlon,Sowle,msowledh@dion.ne.jp,Male,171.231.168.184
487,Harman,Van Waadenburg,hvanwaadenburgdi@cbsnews.com,Male,82.163.137.85
488,Win,Plott,wplottdj@eepurl.com,Male,107.69.15.83
489,Juieta,Crummey,jcrummeydk@ihg.com,Female,184.93.204.31
490,Erastus,Dibbs,edibbsdl@imdb.com,Male,54.26.151.175
491,Beaufort,Brien,bbriendm@earthlink.net,Male,85.0.90.204
492,Davie,Laboune,dlabounedn@ask.com,Male,92.126.184.157
493,Waiter,Verecker,wvereckerdo@imdb.com,Male,104.216.177.140
494,Karilynn,Garaghan,kgaraghandp@hostgator.com,Female,204.75.132.169
495,Dyanna,Bumfrey,dbumfreydq@harvard.edu,Female,250.86.1.62
496,Tyler,Finkle,tfinkledr@theatlantic.com,Male,55.215.216.23
497,Cordelia,Crickmoor,ccrickmoords@wp.com,Female,214.23.139.54
498,Mordecai,von Nassau,mvonnassaudt@cloudflare.com,Male,117.228.181.16
499,Galina,Hannibal,ghannibaldu@dion.ne.jp,Female,171.119.231.168
500,Merla,Kedslie,mkedsliedv@ucsd.edu,Female,141.130.71.26
501,Evered,De La Hay,edelahaydw@reuters.com,Male,186.193.19.146
502,Shurwood,Hodges,shodgesdx@yandex.ru,Male,32.253.243.129
503,Fidelity,Symmers,fsymmersdy@upenn.edu,Female,56.43.104.129
504,Xerxes,Le Grys,xlegrysdz@berkeley.edu,Male,58.218.112.240
505,Francesca,Hugenin,fhugenine0@google.com.au,Female,95.76.75.45
506,Appolonia,Phillins,aphillinse1@miibeian.gov.cn,Female,225.181.149.29
507,Kat,Guinnane,kguinnanee2@tripadvisor.com,Female,13.113.237.217
508,Doralia,Convery,dconverye3@is.gd,Female,149.94.148.133
509,Rhiamon,Bourges,rbourgese4@livejournal.com,Female,241.131.170.39
510,Brocky,Bail,bbaile5@java.com,Male,222.239.113.236
511,Viviyan,Sigars,vsigarse6@creativecommons.org,Female,182.92.87.50
512,Garret,Brassill,gbrassille7@nasa.gov,Male,86.8.252.36
513,Meredith,Elsom,melsome8@epa.gov,Female,25.73.104.76
514,Carol,Surplice,csurplicee9@dropbox.com,Female,108.29.151.23
515,Hans,Trivett,htrivettea@seattletimes.com,Male,239.76.46.68
516,Celka,Stile,cstileeb@cocolog-nifty.com,Female,77.86.50.157
517,Karlens,McBeith,kmcbeithec@xing.com,Male,193.60.22.39
518,Bryant,Faunt,bfaunted@cnn.com,Male,237.92.162.253
519,Jean,Wardesworth,jwardesworthee@usa.gov,Female,153.249.90.172
520,Helli,Cornish,hcornishef@yandex.ru,Female,21.26.164.175
521,Candi,Horsewood,chorsewoodeg@myspace.com,Female,106.11.213.50
522,Dun,Clotworthy,dclotworthyeh@cam.ac.uk,Male,187.21.238.240
523,Tina,Laffin,tlaffinei@reverbnation.com,Female,39.196.136.182
524,Anastasie,Paulazzi,apaulazziej@e-recht24.de,Female,19.3.147.77
525,Arlie,Castagnaro,acastagnaroek@clickbank.net,Female,41.177.31.229
526,Perkin,Reneke,prenekeel@mlb.com,Male,244.53.74.136
527,Thorin,Gornal,tgornalem@springer.com,Male,88.239.91.50
528,Vite,Normandale,vnormandaleen@mozilla.com,Male,39.76.10.126
529,Ignatius,Shurman,ishurmaneo@examiner.com,Male,98.12.28.5
530,Sebastien,Kiera,skieraep@kickstarter.com,Male,42.246.1.125
531,Vladimir,Pele,vpeleeq@kickstarter.com,Male,224.242.250.113
532,Eddie,Polini,epolinier@umn.edu,Female,42.39.59.182
533,Ros,Thurston,rthurstones@freewebs.com,Female,34.69.69.70
534,Jessi,Larder,jlarderet@diigo.com,Female,49.226.155.222
535,Brittan,Regler,breglereu@fc2.com,Female,211.113.92.187
536,Jodi,Candy,jcandyev@eepurl.com,Female,100.113.246.146
537,Inglebert,Brumble,ibrumbleew@123-reg.co.uk,Male,201.150.194.230
538,Siobhan,Dudding,sduddingex@instagram.com,Female,194.30.131.232
539,Karlens,Loftie,kloftieey@gizmodo.com,Male,123.193.228.71
540,Val,Westphal,vwestphalez@t-online.de,Male,87.71.116.9
541,Dewain,Swindell,dswindellf0@toplist.cz,Male,45.70.46.53
542,Gabriell,Alker,galkerf1@scribd.com,Female,16.47.223.119
543,Tibold,Cancelier,tcancelierf2@stanford.edu,Male,1.174.130.193
544,Hill,Corneliussen,hcorneliussenf3@hao123.com,Male,219.201.134.123
545,Guthrey,Easter,geasterf4@nyu.edu,Male,53.196.241.169
546,Hildagarde,Banham,hbanhamf5@sakura.ne.jp,Female,169.239.224.73
547,Hailey,Cheyenne,hcheyennef6@cdc.gov,Male,24.238.247.201
548,Guss,Petel,gpetelf7@youku.com,Male,158.63.189.137
549,Tom,Piele,tpielef8@privacy.gov.au,Male,19.9.234.72
550,Verile,Pentelo,vpentelof9@un.org,Female,184.142.102.0
551,Urson,Godby,ugodbyfa@bravesites.com,Male,97.236.15.162
552,Jocelyn,Signore,jsignorefb@google.com.br,Female,147.150.111.248
553,Rockey,Dieton,rdietonfc@wiley.com,Male,177.25.77.149
554,Alwin,Whitaker,awhitakerfd@weebly.com,Male,214.106.91.53
555,Stace,Brannon,sbrannonfe@go.com,Female,198.228.59.9
556,Tannie,Jacomb,tjacombff@google.es,Male,192.3.127.15
557,Cherri,Gallamore,cgallamorefg@deliciousdays.com,Female,24.104.48.63
558,Staford,Barensen,sbarensenfh@i2i.jp,Male,250.189.241.184
559,Waylon,Wegenen,wwegenenfi@woothemes.com,Male,51.214.44.209
560,Chadwick,Hulland,chullandfj@stumbleupon.com,Male,38.251.126.142
561,Bendicty,Genese,bgenesefk@tiny.cc,Male,63.209.150.42
562,Caressa,Kaye,ckayefl@businessweek.com,Female,16.19.85.67
563,Godfree,Eslie,gesliefm@ezinearticles.com,Male,173.187.241.172
564,Christine,Pavlenkov,cpavlenkovfn@prweb.com,Female,205.253.128.30
565,Nissy,Briskey,nbriskeyfo@imgur.com,Female,126.116.149.69
566,Cristen,Eldridge,celdridgefp@biblegateway.com,Female,197.234.109.45
567,Charo,Collumbine,ccollumbinefq@t.co,Female,237.101.11.24
568,Nevil,Sawday,nsawdayfr@youku.com,Male,3.95.141.16
569,Gianna,Bruhnke,gbruhnkefs@stanford.edu,Female,172.242.135.246
570,Starlene,Galia,sgaliaft@acquirethisname.com,Female,79.134.115.105
571,Lorrie,Edgeley,ledgeleyfu@cbc.ca,Female,73.70.248.118
572,Blythe,Burniston,bburnistonfv@statcounter.com,Female,73.152.228.58
573,Laurice,Collip,lcollipfw@google.com.au,Female,196.18.24.163
574,Jerrilee,Vasilyonok,jvasilyonokfx@un.org,Female,199.160.61.36
575,Frannie,Koenen,fkoenenfy@nature.com,Female,145.164.49.91
576,Mavis,Adnet,madnetfz@google.co.uk,Female,61.44.191.204
577,Althea,Boydle,aboydleg0@nationalgeographic.com,Female,90.31.197.189
578,Libbie,Archanbault,larchanbaultg1@xrea.com,Female,219.174.89.208
579,Garvey,McEneny,gmcenenyg2@sun.com,Male,175.245.137.60
580,Drucill,Cotgrave,dcotgraveg3@google.com.br,Female,212.49.97.248
581,Ring,Siemons,rsiemonsg4@dell.com,Male,23.71.105.45
582,Vail,Aleksandrov,valeksandrovg5@geocities.com,Male,221.193.54.121
583,Lisabeth,Mattia,lmattiag6@flavors.me,Female,33.239.51.199
584,Joe,Joska,jjoskag7@google.ru,Male,4.239.122.105
585,Bengt,Herrema,bherremag8@wp.com,Male,189.89.62.222
586,Jacklin,Dore,jdoreg9@answers.com,Female,219.130.85.129
587,Isa,Mattiato,imattiatoga@statcounter.com,Female,131.119.127.165
588,Lilly,Corley,lcorleygb@nbcnews.com,Female,28.58.67.186
589,Jacintha,Lopez,jlopezgc@list-manage.com,Female,105.166.230.106
590,Isabel,Pendergast,ipendergastgd@shareasale.com,Female,0.204.222.190
591,Artemis,Beminster,abeminsterge@redcross.org,Male,167.240.251.124
592,Marcello,Wile,mwilegf@etsy.com,Male,85.234.180.76
593,Sheff,Struijs,sstruijsgg@edublogs.org,Male,15.44.27.94
594,Jacquelin,Hynard,jhynardgh@exblog.jp,Female,28.40.123.113
595,Hallie,Spurdon,hspurdongi@jigsy.com,Female,23.47.94.184
596,Cicily,Nester,cnestergj@blogspot.com,Female,241.240.56.238
597,Bertie,Leinster,bleinstergk@cmu.edu,Male,133.24.182.190
598,Gaylor,Whyffen,gwhyffengl@chron.com,Male,43.141.38.202
599,Grete,Kilbey,gkilbeygm@usatoday.com,Female,155.247.178.203
600,Hynda,De Ruggero,hderuggerogn@istockphoto.com,Female,158.160.62.243
601,Kerrill,Sanbrook,ksanbrookgo@answers.com,Female,254.181.218.25
602,Lizbeth,Stanworth,lstanworthgp@sohu.com,Female,77.213.195.63
603,Kati,Springham,kspringhamgq@icio.us,Female,73.170.248.39
604,Lewie,Mielnik,lmielnikgr@mapquest.com,Male,74.136.98.237
605,Korey,Ashelford,kashelfordgs@hhs.gov,Male,15.11.13.122
606,Mikael,Trumble,mtrumblegt@answers.com,Male,54.151.66.184
607,Chloette,Groomebridge,cgroomebridgegu@jimdo.com,Female,203.121.147.165
608,Roldan,Cranch,rcranchgv@yolasite.com,Male,154.110.204.39
609,Mikkel,Lavrick,mlavrickgw@google.fr,Male,121.78.223.36
610,Illa,Brik,ibrikgx@cpanel.net,Female,146.113.217.193
611,Selene,Hutchinges,shutchingesgy@columbia.edu,Female,188.47.127.229
612,Garland,Rillett,grillettgz@vkontakte.ru,Female,77.195.47.57
613,Brigitta,Oliva,bolivah0@economist.com,Female,0.28.22.0
614,Vick,Devericks,vdevericksh1@google.fr,Male,20.1.113.234
615,Margy,Bolino,mbolinoh2@independent.co.uk,Female,134.147.25.10
616,Delmor,Attard,dattardh3@bigcartel.com,Male,136.250.43.80
617,Karlotte,Moscon,kmosconh4@parallels.com,Female,53.27.57.197
618,Ike,Zotto,izottoh5@jimdo.com,Male,254.104.159.151
619,Prent,Sneesby,psneesbyh6@columbia.edu,Male,68.122.112.20
620,Lind,Whitebread,lwhitebreadh7@paypal.com,Male,161.7.189.182
621,Coriss,Birchwood,cbirchwoodh8@zdnet.com,Female,211.185.105.169
622,Melesa,Giacomucci,mgiacomuccih9@zimbio.com,Female,39.214.174.79
623,Ash,Leverson,aleversonha@so-net.ne.jp,Male,41.169.55.189
624,Jammal,Blevin,jblevinhb@comsenz.com,Male,186.135.18.96
625,Denney,Schankelborg,dschankelborghc@dedecms.com,Male,95.231.187.32
626,Dorette,Winckle,dwincklehd@imgur.com,Female,139.90.46.85
627,Mata,Cristofor,mcristoforhe@dot.gov,Male,170.2.118.39
628,Erma,Casford,ecasfordhf@patch.com,Female,0.245.192.56
629,Desi,Cardoe,dcardoehg@ca.gov,Male,8.233.153.110
630,Charisse,Reckless,crecklesshh@nationalgeographic.com,Female,206.186.219.218
631,Filberte,Muffen,fmuffenhi@pbs.org,Male,52.63.54.130
632,Claude,Hearnden,chearndenhj@opera.com,Female,190.78.36.139
633,Mal,Millgate,mmillgatehk@bing.com,Male,163.247.16.30
634,Nanice,Selwyne,nselwynehl@domainmarket.com,Female,101.196.164.57
635,Cindelyn,Victoria,cvictoriahm@themeforest.net,Female,70.31.164.159
636,Joshia,Lindfors,jlindforshn@un.org,Male,16.217.144.200
637,Cherye,Benian,cbenianho@narod.ru,Female,19.104.111.88
638,Doe,Keningley,dkeningleyhp@state.tx.us,Female,16.174.184.246
639,Franciska,Adie,fadiehq@hhs.gov,Female,117.151.52.11
640,Kelly,Littlejohns,klittlejohnshr@wired.com,Male,222.35.67.99
641,Bunnie,Causton,bcaustonhs@ucoz.com,Female,237.114.81.57
642,Tally,Peschmann,tpeschmannht@state.gov,Male,102.43.35.177
643,Pepi,Prestwich,pprestwichhu@icio.us,Female,57.74.210.60
644,Willyt,Solomonides,wsolomonideshv@apache.org,Female,88.17.110.127
645,Itch,Maund,imaundhw@zimbio.com,Male,92.78.92.92
646,Darnell,Plail,dplailhx@sbwire.com,Male,72.201.4.159
647,Eleanora,Madill,emadillhy@yandex.ru,Female,206.79.167.48
648,Bevon,Corkill,bcorkillhz@ebay.com,Male,226.182.94.83
649,Sherman,Seabrooke,sseabrookei0@google.es,Male,198.145.149.26
650,Tobin,MacAulay,tmacaulayi1@google.fr,Male,163.98.173.251
651,Vale,Murdoch,vmurdochi2@adobe.com,Female,71.213.64.122
652,Fleming,Gobourn,fgobourni3@upenn.edu,Male,47.186.185.216
653,Cordula,Thay,cthayi4@domainmarket.com,Female,210.0.138.129
654,Weylin,Mozzetti,wmozzettii5@house.gov,Male,56.59.145.139
655,Artie,Erat,aerati6@photobucket.com,Male,19.145.132.70
656,Barnaby,Paternoster,bpaternosteri7@cbsnews.com,Male,181.15.242.24
657,Zachariah,Hunnisett,zhunnisetti8@tuttocitta.it,Male,248.244.78.255
658,Bernita,Yurtsev,byurtsevi9@nifty.com,Female,131.49.37.76
659,Phillida,Shermore,pshermoreia@weebly.com,Female,206.83.18.184
660,Sharleen,Oldridge,soldridgeib@dyndns.org,Female,170.149.45.202
661,Lucilia,Morson,lmorsonic@sciencedirect.com,Female,56.204.56.56
662,Korrie,Fawdry,kfawdryid@ucoz.com,Female,36.31.132.113
663,Caryl,Barrar,cbarrarie@patch.com,Female,226.198.119.150
664,Aggi,Herrieven,aherrievenif@thetimes.co.uk,Female,16.114.233.215
665,Derick,Aymer,daymerig@mysql.com,Male,117.162.139.146
666,Salomo,Attride,sattrideih@blogtalkradio.com,Male,30.209.75.122
667,Jilly,Konke,jkonkeii@un.org,Female,244.185.227.133
668,Mariann,Paradyce,mparadyceij@nymag.com,Female,92.108.41.125
669,Mayor,Zylberdik,mzylberdikik@google.com,Male,250.30.160.188
670,Pippy,Santon,psantonil@oaic.gov.au,Female,121.242.126.104
671,Lea,Haffner,lhaffnerim@creativecommons.org,Female,111.126.222.25
672,Martyn,Laight,mlaightin@berkeley.edu,Male,70.34.187.250
673,Olivier,Rotherforth,orotherforthio@nbcnews.com,Male,214.79.13.121
674,Paula,Pickover,ppickoverip@sun.com,Female,97.135.70.40
675,Simonne,McGuff,smcguffiq@networkadvertising.org,Female,132.21.248.199
676,Krissie,Cuncarr,kcuncarrir@va.gov,Female,231.139.84.36
677,Carmon,Reolfo,creolfois@ning.com,Female,93.119.205.185
678,Howey,Grief,hgriefit@nps.gov,Male,90.165.66.231
679,Gabriel,Dyott,gdyottiu@acquirethisname.com,Female,67.249.202.198
680,Doralynn,Maylour,dmaylouriv@com.com,Female,174.159.5.194
681,Slade,McLucky,smcluckyiw@nymag.com,Male,38.8.154.39
682,Candice,Lindgren,clindgrenix@soup.io,Female,10.65.240.130
683,Way,Hamberstone,whamberstoneiy@narod.ru,Male,115.118.138.217
684,Reeba,Wilcinskis,rwilcinskisiz@wsj.com,Female,231.123.44.133
685,Borg,Roft,broftj0@usda.gov,Male,56.56.234.131
686,Chariot,Atwill,catwillj1@omniture.com,Male,222.245.36.2
687,Katuscha,Brittian,kbrittianj2@mit.edu,Female,44.147.61.141
688,Christos,Coombs,ccoombsj3@ustream.tv,Male,110.212.209.33
689,Kacy,Weld,kweldj4@usgs.gov,Female,158.124.176.149
690,Kennan,Valenta,kvalentaj5@oracle.com,Male,80.117.140.222
691,Katy,Gath,kgathj6@creativecommons.org,Female,38.187.1.196
692,Waring,Boutton,wbouttonj7@java.com,Male,196.5.64.222
693,Vannie,Dowey,vdoweyj8@fc2.com,Female,9.84.49.188
694,Ardeen,Gooddy,agooddyj9@artisteer.com,Female,168.183.159.129
695,Abelard,Bowgen,abowgenja@harvard.edu,Male,78.148.211.223
696,Alessandro,O'Shaughnessy,aoshaughnessyjb@wp.com,Male,198.243.70.32
697,Axel,Danahar,adanaharjc@comsenz.com,Male,223.62.182.85
698,Sam,Leap,sleapjd@typepad.com,Female,186.93.122.125
699,Even,Paradise,eparadiseje@usa.gov,Male,139.202.226.1
700,Verge,Prophet,vprophetjf@census.gov,Male,10.36.184.5
701,Cleopatra,Gallihawk,cgallihawkjg@tuttocitta.it,Female,33.117.228.52
702,Noreen,Wooff,nwooffjh@opensource.org,Female,33.199.137.185
703,Dela,Yellowlees,dyellowleesji@google.ca,Female,133.187.232.36
704,Jerry,Rocco,jroccojj@meetup.com,Female,159.87.74.143
705,Lory,Syvret,lsyvretjk@berkeley.edu,Female,222.201.41.30
706,Derry,Wemes,dwemesjl@shinystat.com,Male,82.131.154.216
707,Candida,Falconer-Taylor,cfalconertaylorjm@about.me,Female,123.187.153.37
708,Em,Binnell,ebinnelljn@phpbb.com,Male,104.165.79.179
709,Barn,Worts,bwortsjo@bizjournals.com,Male,101.137.140.204
710,Marv,Whiterod,mwhiterodjp@cam.ac.uk,Male,70.208.140.85
711,Jacinda,Nutting,jnuttingjq@microsoft.com,Female,86.234.74.4
712,Cory,Schuricht,cschurichtjr@hhs.gov,Female,122.223.77.184
713,Nanette,Grise,ngrisejs@yolasite.com,Female,224.53.187.218
714,Hall,Wolffers,hwolffersjt@purevolume.com,Male,139.120.38.105
715,Neala,Kleewein,nkleeweinju@so-net.ne.jp,Female,125.24.106.147
716,Bendick,Aston,bastonjv@cdbaby.com,Male,55.2.100.183
717,Devonne,Connors,dconnorsjw@imgur.com,Female,43.105.249.97
718,Shela,Finnan,sfinnanjx@addthis.com,Female,223.225.242.2
719,Hector,Walak,hwalakjy@state.tx.us,Male,4.21.237.110
720,Lurlene,Goodall,lgoodalljz@yahoo.com,Female,27.189.55.242
721,Dermot,Jonuzi,djonuzik0@mapquest.com,Male,247.139.28.135
722,Dusty,Adamovitch,dadamovitchk1@ucoz.com,Female,204.70.101.81
723,Tailor,Furmagier,tfurmagierk2@phoca.cz,Male,46.92.230.201
724,Roderich,Kinleyside,rkinleysidek3@weibo.com,Male,83.29.45.100
725,Cortney,Giovannazzi,cgiovannazzik4@xrea.com,Female,192.241.1.253
726,Gabriel,Jeffs,gjeffsk5@bbb.org,Male,94.80.121.35
727,Adolpho,McCreadie,amccreadiek6@ca.gov,Male,161.133.131.234
728,Fonz,Fowgies,ffowgiesk7@a8.net,Male,58.70.190.81
729,Juline,Lindhe,jlindhek8@amazon.com,Female,143.8.228.72
730,Bay,Oxenford,boxenfordk9@indiegogo.com,Male,109.105.178.246
731,Sondra,Jaegar,sjaegarka@ucsd.edu,Female,207.3.187.163
732,Grantham,Tansley,gtansleykb@studiopress.com,Male,43.34.37.56
733,Say,Litherborough,slitherboroughkc@storify.com,Male,237.208.91.92
734,Eziechiele,Pitfield,epitfieldkd@addthis.com,Male,56.242.125.62
735,Douglass,Eckery,deckeryke@netscape.com,Male,21.65.167.240
736,Winston,Murt,wmurtkf@mac.com,Male,222.166.40.6
737,Addi,Caseri,acaserikg@theglobeandmail.com,Female,64.194.103.176
738,Carrol,Batthew,cbatthewkh@mtv.com,Male,217.18.27.179
739,Shea,Postle,spostleki@google.nl,Female,1.228.43.185
740,Ben,Michele,bmichelekj@geocities.jp,Male,154.99.153.89
741,Ettie,Circuitt,ecircuittkk@cargocollective.com,Female,224.43.110.4
742,Wendell,Stocks,wstockskl@nymag.com,Male,128.164.236.11
743,Caron,Baiss,cbaisskm@chicagotribune.com,Female,219.229.253.208
744,Lilly,Lang,llangkn@blogtalkradio.com,Female,27.69.61.175
745,Stillman,Ritter,sritterko@europa.eu,Male,59.4.182.248
746,Eduardo,Drinkwater,edrinkwaterkp@clickbank.net,Male,207.123.139.193
747,Mohammed,Wyldish,mwyldishkq@bloglines.com,Male,183.228.215.65
748,Giffard,Schwandt,gschwandtkr@yelp.com,Male,145.240.164.91
749,Deena,Courson,dcoursonks@sina.com.cn,Female,126.64.153.232
750,Grissel,Hayle,ghaylekt@ibm.com,Female,91.202.24.32
751,Halsey,Gorvette,hgorvetteku@theatlantic.com,Male,199.164.125.186
752,Mick,Luthwood,mluthwoodkv@oaic.gov.au,Male,190.183.225.107
753,Margery,Stirman,mstirmankw@zimbio.com,Female,243.115.177.100
754,Audrie,Keable,akeablekx@digg.com,Female,221.0.230.55
755,Quentin,Aldwich,qaldwichky@statcounter.com,Male,202.25.111.179
756,Shelley,MacKnight,smacknightkz@alibaba.com,Male,159.187.127.99
757,Christiano,Beevis,cbeevisl0@domainmarket.com,Male,143.229.219.125
758,Abeu,Elsmore,aelsmorel1@issuu.com,Male,6.61.227.51
759,Allyce,Gwalter,agwalterl2@webmd.com,Female,16.88.126.224
760,Dita,Askie,daskiel3@nyu.edu,Female,213.241.135.156
761,Mada,Beche,mbechel4@soundcloud.com,Female,90.11.46.17
762,Frieda,Shearer,fshearerl5@amazon.co.uk,Female,66.68.14.188
763,Dode,Broom,dbrooml6@privacy.gov.au,Female,231.27.175.211
764,Kelbee,Dewing,kdewingl7@ca.gov,Male,46.63.53.236
765,Nikolos,Aubri,naubril8@globo.com,Male,81.136.219.196
766,Celestina,Janicijevic,cjanicijevicl9@smh.com.au,Female,91.193.115.170
767,El,Mistry,emistryla@mapy.cz,Male,72.241.150.22
768,Glynda,Persey,gperseylb@google.it,Female,39.92.247.111
769,Kerry,Chatwood,kchatwoodlc@home.pl,Female,44.154.247.102
770,Appolonia,Ivanchikov,aivanchikovld@nsw.gov.au,Female,95.135.62.254
771,Currie,McHugh,cmchughle@globo.com,Male,182.209.183.174
772,Mattie,Cattini,mcattinilf@ehow.com,Male,242.233.171.180
773,Ofilia,Tomalin,otomalinlg@etsy.com,Female,138.242.6.124
774,Alfred,Fawthrop,afawthroplh@photobucket.com,Male,188.14.168.40
775,Don,Drakeley,ddrakeleyli@ezinearticles.com,Male,145.137.239.179
776,Nappy,Sadat,nsadatlj@prweb.com,Male,195.155.152.38
777,Natale,Sorey,nsoreylk@reference.com,Male,197.38.81.202
778,Rem,Gilleon,rgilleonll@theglobeandmail.com,Male,44.145.137.114
779,Felipa,Whitmore,fwhitmorelm@state.tx.us,Female,155.158.241.161
780,Dela,De Ath,ddeathln@facebook.com,Female,235.98.195.135
781,Ula,Huge,uhugelo@weather.com,Female,9.117.219.151
782,Danyelle,Sneddon,dsneddonlp@netvibes.com,Female,127.30.212.128
783,Haven,Headech,hheadechlq@aol.com,Male,48.35.220.102
784,Bondie,Wickens,bwickenslr@exblog.jp,Male,122.159.149.181
785,Josefa,Rodenburg,jrodenburgls@unicef.org,Female,179.161.121.6
786,Lilas,Pechet,lpechetlt@thetimes.co.uk,Female,18.74.186.248
787,Witty,Brownsell,wbrownselllu@uiuc.edu,Male,81.52.179.85
788,Salome,Sidworth,ssidworthlv@domainmarket.com,Female,238.58.201.199
789,Bryanty,Brockley,bbrockleylw@dedecms.com,Male,37.189.198.15
790,Carlota,Gibbons,cgibbonslx@fc2.com,Female,211.127.203.233
791,Layton,Matchett,lmatchettly@shareasale.com,Male,197.70.66.44
792,Noel,Habbon,nhabbonlz@facebook.com,Male,54.220.96.0
793,Bennie,Baynes,bbaynesm0@bizjournals.com,Female,190.232.166.16
794,Clayborne,Greatham,cgreathamm1@goodreads.com,Male,93.85.227.120
795,Joycelin,Bottrill,jbottrillm2@slideshare.net,Female,186.165.197.99
796,Kitti,Nutley,knutleym3@bravesites.com,Female,208.216.25.12
797,Kittie,Cousens,kcousensm4@nytimes.com,Female,130.164.222.135
798,Amalita,O'Mohun,aomohunm5@paginegialle.it,Female,106.235.77.13
799,Wolf,Bowerman,wbowermanm6@ezinearticles.com,Male,167.223.193.2
800,Bartholemy,Cesconi,bcesconim7@google.pl,Male,167.56.203.10
801,Bondon,Cargenven,bcargenvenm8@cbslocal.com,Male,119.252.38.5
802,Kati,Lamar,klamarm9@sun.com,Female,41.26.96.89
803,Stephani,Aleso,salesoma@imdb.com,Female,178.71.186.144
804,Erskine,Byas,ebyasmb@nsw.gov.au,Male,245.139.27.210
805,Wiley,Twigley,wtwigleymc@psu.edu,Male,2.49.62.144
806,Kassi,Glanders,kglandersmd@buzzfeed.com,Female,205.16.206.97
807,Di,Weatherhill,dweatherhillme@msn.com,Female,25.11.233.46
808,Roldan,Lord,rlordmf@house.gov,Male,183.58.223.250
809,Saree,Kerwen,skerwenmg@pcworld.com,Female,27.114.81.7
810,Virgie,Mewton,vmewtonmh@yahoo.co.jp,Female,126.0.58.190
811,Marmaduke,Huban,mhubanmi@wikispaces.com,Male,137.33.114.176
812,Calley,Littrell,clittrellmj@google.cn,Female,4.183.9.119
813,Melisa,Karlsen,mkarlsenmk@guardian.co.uk,Female,89.177.44.210
814,Gabie,Luc,glucml@reuters.com,Female,214.84.106.76
815,Lois,Trench,ltrenchmm@cloudflare.com,Female,160.29.176.124
816,Montgomery,Gallgher,mgallghermn@e-recht24.de,Male,233.103.252.36
817,Emmey,Silvers,esilversmo@nps.gov,Female,54.127.131.74
818,Teddie,Bradane,tbradanemp@bing.com,Male,128.60.173.117
819,Dyana,Dandie,ddandiemq@adobe.com,Female,129.193.222.67
820,Aland,Crenshaw,acrenshawmr@house.gov,Male,188.92.249.9
821,Samuele,Schroder,sschroderms@yelp.com,Male,184.96.13.22
822,Yuri,Streatfield,ystreatfieldmt@twitter.com,Male,178.90.27.99
823,Antonella,Grishinov,agrishinovmu@friendfeed.com,Female,206.196.251.106
824,Bartholemy,Hostan,bhostanmv@java.com,Male,20.252.72.209
825,Berton,Malthouse,bmalthousemw@skype.com,Male,197.56.8.11
826,Gwyn,Habden,ghabdenmx@4shared.com,Female,181.165.21.244
827,Fernande,Diche,fdichemy@rakuten.co.jp,Female,190.43.244.131
828,Christabel,Dishmon,cdishmonmz@rambler.ru,Female,135.92.214.120
829,Vern,Piggford,vpiggfordn0@posterous.com,Male,232.125.74.96
830,Nestor,Tessington,ntessingtonn1@oracle.com,Male,255.154.151.98
831,Goldie,Whitmell,gwhitmelln2@goo.gl,Female,137.59.195.127
832,Trueman,Comazzo,tcomazzon3@paypal.com,Male,207.26.24.82
833,Sidonnie,Tilley,stilleyn4@apple.com,Female,139.170.234.63
834,Roldan,Aslam,raslamn5@cnn.com,Male,50.225.189.22
835,Doralin,Rivallant,drivallantn6@slate.com,Female,0.198.12.205
836,Holt,Rangell,hrangelln7@plala.or.jp,Male,226.248.55.41
837,Wilie,Muzzi,wmuzzin8@cdbaby.com,Female,196.144.215.81
838,Jasun,Vasiliu,jvasiliun9@naver.com,Male,249.97.252.108
839,Nikita,Bescoby,nbescobyna@paginegialle.it,Male,55.210.26.18
840,Genevieve,Ferrie,gferrienb@ucsd.edu,Female,152.36.49.224
841,Malina,Sieve,msievenc@diigo.com,Female,213.228.236.109
842,Bird,Bahls,bbahlsnd@businessinsider.com,Female,245.18.160.58
843,Lissie,Attridge,lattridgene@cbslocal.com,Female,212.202.20.110
844,Vlad,Thickin,vthickinnf@gravatar.com,Male,209.167.107.164
845,Jarrid,Dreher,jdreherng@goo.gl,Male,153.239.53.16
846,Dwayne,Sone,dsonenh@drupal.org,Male,237.131.65.39
847,Dierdre,Newborn,dnewbornni@utexas.edu,Female,87.70.152.88
848,Ingar,Rubinek,irubineknj@usgs.gov,Male,116.155.173.156
849,Stanleigh,De Maine,sdemainenk@nationalgeographic.com,Male,199.15.231.95
850,Arlina,Hullyer,ahullyernl@cbslocal.com,Female,198.19.206.246
851,Calhoun,Kenn,ckennnm@cbsnews.com,Male,253.90.138.161
852,Hilda,Hacard,hhacardnn@live.com,Female,48.105.174.135
853,Dredi,Scottesmoor,dscottesmoorno@npr.org,Female,219.204.234.250
854,Garry,Wrettum,gwrettumnp@netlog.com,Male,70.57.167.86
855,Lucais,Cresswell,lcresswellnq@ebay.co.uk,Male,167.192.157.13
856,Guendolen,Furbank,gfurbanknr@soundcloud.com,Female,151.4.103.169
857,Robbie,Tweedle,rtweedlens@ted.com,Male,172.254.204.57
858,Katheryn,Scogin,kscoginnt@cbc.ca,Female,28.175.0.36
859,Mersey,Stretton,mstrettonnu@technorati.com,Female,239.227.109.199
860,Siouxie,Danford,sdanfordnv@alibaba.com,Female,19.152.194.52
861,Julianna,Skullet,jskulletnw@google.co.jp,Female,161.189.152.52
862,Guido,Morant,gmorantnx@economist.com,Male,26.184.14.174
863,Torry,Edmett,tedmettny@smh.com.au,Male,249.236.233.131
864,Gertrudis,Pagan,gpagannz@taobao.com,Female,226.12.136.172
865,Michail,Orhtmann,morhtmanno0@epa.gov,Male,247.69.219.236
866,Ediva,Gras,egraso1@1und1.de,Female,175.92.7.174
867,Farr,Petrashov,fpetrashovo2@stanford.edu,Male,62.5.32.238
868,Clarisse,Antyukhin,cantyukhino3@list-manage.com,Female,89.164.248.121
869,Jess,Risley,jrisleyo4@mashable.com,Female,134.157.176.168
870,Shea,Bjorkan,sbjorkano5@mlb.com,Male,199.63.197.253
871,Welby,Dozdill,wdozdillo6@cisco.com,Male,244.48.194.112
872,Thurston,Titta,ttittao7@businessinsider.com,Male,123.39.4.89
873,Estel,Checci,echeccio8@state.tx.us,Female,120.82.18.231
874,Jannelle,Abraham,jabrahamo9@github.com,Female,196.122.253.185
875,Hillyer,Soan,hsoanoa@gmpg.org,Male,218.93.203.242
876,Rhett,Turgoose,rturgooseob@naver.com,Male,88.164.8.144
877,Dar,Valentin,dvalentinoc@infoseek.co.jp,Male,19.87.160.183
878,Randee,Hinsch,rhinschod@baidu.com,Female,251.253.236.120
879,Charil,Wolpert,cwolpertoe@ucoz.com,Female,49.143.135.247
880,Xerxes,Callinan,xcallinanof@tripod.com,Male,100.141.227.95
881,Lenard,Poulett,lpoulettog@nydailynews.com,Male,38.156.65.178
882,Albina,Abercrombie,aabercrombieoh@tripadvisor.com,Female,14.221.16.112
883,Kevan,Dotson,kdotsonoi@census.gov,Male,63.211.84.230
884,Caro,Rutt,cruttoj@ow.ly,Female,2.94.184.251
885,Jacki,Reeves,jreevesok@prweb.com,Female,192.39.132.57
886,Suzanna,Favela,sfavelaol@illinois.edu,Female,211.34.117.24
887,Dollie,Olenov,dolenovom@squarespace.com,Female,89.96.46.120
888,Patricia,Galliard,pgalliardon@constantcontact.com,Female,2.232.104.108
889,Glynda,Alliston,gallistonoo@wiley.com,Female,83.100.175.114
890,Yetty,Ingyon,yingyonop@soundcloud.com,Female,20.159.204.4
891,Bartholomew,Braemer,bbraemeroq@domainmarket.com,Male,15.3.5.193
892,Cobb,Iacovacci,ciacovaccior@reuters.com,Male,25.201.55.23
893,Timothy,Brogini,tbroginios@macromedia.com,Male,163.61.93.70
894,Helsa,Enrich,henrichot@issuu.com,Female,24.212.184.65
895,Jefferey,Jimpson,jjimpsonou@flavors.me,Male,32.147.192.43
896,Harlene,Fagge,hfaggeov@businesswire.com,Female,91.111.139.236
897,Giustina,Yanne,gyanneow@mlb.com,Female,213.250.144.83
898,Carny,Tye,ctyeox@eventbrite.com,Male,54.244.206.168
899,Edyth,Giamo,egiamooy@vimeo.com,Female,227.170.70.118
900,Petronille,Rushmer,prushmeroz@nba.com,Female,216.205.202.48
901,Forester,Roy,froyp0@theglobeandmail.com,Male,43.186.142.5
902,Marge,Bramelt,mbrameltp1@vistaprint.com,Female,1.232.124.150
903,Naomi,Hawtin,nhawtinp2@digg.com,Female,113.165.165.50
904,Hansiain,Letch,hletchp3@hao123.com,Male,208.48.8.203
905,Baxy,D'Enrico,bdenricop4@istockphoto.com,Male,102.8.159.162
906,Tabbie,O'Kinneally,tokinneallyp5@tinypic.com,Male,77.33.56.234
907,Elnar,Halhead,ehalheadp6@jugem.jp,Male,162.33.106.127
908,Marissa,Flaonier,mflaonierp7@ucoz.com,Female,167.242.202.61
909,Anthia,Daybell,adaybellp8@fc2.com,Female,249.44.33.70
910,Taddeusz,Marquese,tmarquesep9@dell.com,Male,197.160.186.235
911,Issi,Cogzell,icogzellpa@umn.edu,Female,230.142.42.86
912,Cher,McGeachie,cmcgeachiepb@devhub.com,Female,64.44.2.13
913,Franny,Orts,fortspc@amazon.co.uk,Male,171.49.229.255
914,Meara,Paxton,mpaxtonpd@archive.org,Female,62.105.235.121
915,Sanford,Fakes,sfakespe@mashable.com,Male,245.71.97.138
916,Yves,Dorkins,ydorkinspf@patch.com,Male,96.241.94.160
917,Amanda,Noury,anourypg@businesswire.com,Female,177.219.101.236
918,Ansell,Burberry,aburberryph@irs.gov,Male,16.150.255.8
919,Taite,Kilshaw,tkilshawpi@oracle.com,Male,113.69.196.219
920,Tybalt,Sherrocks,tsherrockspj@marketwatch.com,Male,71.163.160.71
921,Uri,Cooksley,ucooksleypk@irs.gov,Male,252.183.167.205
922,Hakim,Simionato,hsimionatopl@engadget.com,Male,71.76.145.224
923,Fanni,Siehard,fsiehardpm@nifty.com,Female,80.200.186.200
924,Klarika,Madre,kmadrepn@soundcloud.com,Female,137.17.191.229
925,Davidde,Dawltrey,ddawltreypo@spiegel.de,Male,164.250.132.7
926,Shane,Mixter,smixterpp@spotify.com,Male,64.15.96.17
927,Gan,Spellworth,gspellworthpq@xrea.com,Male,196.224.107.140
928,Codee,Schwander,cschwanderpr@hibu.com,Female,191.139.99.161
929,Lucky,Rorke,lrorkeps@theglobeandmail.com,Female,19.141.189.15
930,Willabella,Brumen,wbrumenpt@woothemes.com,Female,189.42.210.25
931,Ray,Horsfield,rhorsfieldpu@nsw.gov.au,Male,238.150.167.139
932,Cosme,Merrill,cmerrillpv@nyu.edu,Male,223.223.238.166
933,Agathe,Petrelluzzi,apetrelluzzipw@google.co.uk,Female,210.138.160.129
934,Damian,McLane,dmclanepx@nyu.edu,Male,101.10.104.52
935,Andeee,Greenwood,agreenwoodpy@nps.gov,Female,21.76.180.236
936,Sinclair,Hatter,shatterpz@reference.com,Male,134.32.248.31
937,Arlinda,Sowden,asowdenq0@illinois.edu,Female,255.250.3.184
938,Melonie,Morford,mmorfordq1@goo.ne.jp,Female,124.57.187.238
939,Laetitia,McAlinden,lmcalindenq2@simplemachines.org,Female,0.23.152.171
940,Bonnibelle,Hoggan,bhogganq3@fc2.com,Female,49.144.47.137
941,Andi,Flooks,aflooksq4@joomla.org,Female,139.82.37.192
942,Daisie,Ghiraldi,dghiraldiq5@bbc.co.uk,Female,76.35.207.219
943,Fanny,Ronan,fronanq6@independent.co.uk,Female,143.30.94.149
944,Deeanne,Braikenridge,dbraikenridgeq7@archive.org,Female,223.199.106.193
945,Marcela,Raffon,mraffonq8@samsung.com,Female,122.138.134.98
946,Amaleta,Crosston,acrosstonq9@wikia.com,Female,57.141.170.195
947,Iain,Wyllcock,iwyllcockqa@sakura.ne.jp,Male,162.37.124.211
948,Allyn,Rochford,arochfordqb@wordpress.com,Male,57.177.126.252
949,Kore,Newbatt,knewbattqc@netlog.com,Female,238.210.25.40
950,Antonino,Reisen,areisenqd@pbs.org,Male,224.62.41.17
951,Drusy,Brymham,dbrymhamqe@histats.com,Female,200.146.225.72
952,Deirdre,Faithfull,dfaithfullqf@tripadvisor.com,Female,166.221.115.227
953,Kerry,Gladebeck,kgladebeckqg@vimeo.com,Female,95.92.72.29
954,Baxter,Blamey,bblameyqh@ycombinator.com,Male,113.164.28.237
955,Mahmoud,Seale,msealeqi@adobe.com,Male,148.144.117.27
956,Manfred,Dyneley,mdyneleyqj@t-online.de,Male,143.18.217.203
957,Itch,Kohler,ikohlerqk@constantcontact.com,Male,255.167.218.49
958,Maurits,Dacke,mdackeql@kickstarter.com,Male,36.98.188.8
959,Alleen,Vowells,avowellsqm@geocities.jp,Female,32.226.202.132
960,Roby,Pieter,rpieterqn@auda.org.au,Female,30.250.103.228
961,Roddy,Sails,rsailsqo@sogou.com,Male,118.160.92.161
962,Leandra,Boylin,lboylinqp@ebay.com,Female,13.221.218.236
963,Cordula,Metcalfe,cmetcalfeqq@elpais.com,Female,149.241.184.166
964,Ashley,Epsly,aepslyqr@europa.eu,Female,197.104.67.7
965,Shepard,Maylor,smaylorqs@storify.com,Male,91.194.126.205
966,Kelcy,Ivanikov,kivanikovqt@cnet.com,Female,221.227.51.187
967,Jasmin,Brotheridge,jbrotheridgequ@sfgate.com,Female,240.220.224.92
968,Enrika,Gately,egatelyqv@gmpg.org,Female,4.156.207.196
969,Rafaelita,Orr,rorrqw@aol.com,Female,103.211.103.64
970,Randy,Risbridge,rrisbridgeqx@tumblr.com,Female,108.221.171.101
971,Stevana,Gravy,sgravyqy@jalbum.net,Female,191.129.33.40
972,Mayor,Stronack,mstronackqz@hubpages.com,Male,190.110.123.175
973,Rhianon,Bingley,rbingleyr0@yale.edu,Female,189.53.49.166
974,Jone,Hexter,jhexterr1@posterous.com,Male,86.55.90.214
975,Tailor,Pinchin,tpinchinr2@icio.us,Male,137.18.175.153
976,Liesa,Ruspine,lruspiner3@webnode.com,Female,188.175.216.161
977,Reilly,Witcher,rwitcherr4@rediff.com,Male,221.231.158.240
978,Beale,McMonnies,bmcmonniesr5@ow.ly,Male,216.215.17.54
979,Colas,Mackneis,cmackneisr6@biblegateway.com,Male,110.219.89.211
980,Dasi,Umbers,dumbersr7@virginia.edu,Female,51.51.213.91
981,Godfry,Whiteford,gwhitefordr8@google.fr,Male,112.16.82.27
982,Ulises,Hallwell,uhallwellr9@acquirethisname.com,Male,208.252.101.181
983,Mason,Marquot,mmarquotra@netlog.com,Male,204.199.245.10
984,Brucie,Tate,btaterb@google.de,Male,25.229.74.150
985,Fredrick,Leven,flevenrc@answers.com,Male,95.147.135.4
986,Claiborne,Petrolli,cpetrollird@loc.gov,Male,66.204.127.107
987,Jackqueline,Rivel,jrivelre@last.fm,Female,81.177.90.101
988,Flin,Boustead,fbousteadrf@cafepress.com,Male,207.154.17.101
989,Kary,Tunnadine,ktunnadinerg@princeton.edu,Female,67.205.221.41
990,Reid,Andric,randricrh@jigsy.com,Male,48.145.41.36
991,Alfred,Abram,aabramri@uol.com.br,Male,128.111.129.72
992,Tirrell,Jacquet,tjacquetrj@patch.com,Male,201.40.19.5
993,Fowler,Matusevich,fmatusevichrk@odnoklassniki.ru,Male,203.186.119.149
994,Linnea,McAuliffe,lmcaulifferl@census.gov,Female,22.10.85.159
995,Barde,Romanetti,bromanettirm@howstuffworks.com,Male,190.13.106.175
996,Benji,Kochel,bkochelrn@zdnet.com,Male,113.159.66.244
997,Simona,Kenny,skennyro@reference.com,Female,253.106.72.214
998,Kin,Cancellieri,kcancellierirp@altervista.org,Male,81.190.2.212
999,Diarmid,Rearden,dreardenrq@abc.net.au,Male,83.137.100.147
1000,Gertrude,Bison,gbisonrr@weibo.com,Female,85.248.159.196
